Wavelength_nm,Efficiency_percent
1300,50
1550.7662835249,60.0119402985075
1625.19157088123,61.0149253731343
2000,63.0029850746269
